date,route_name,bus_id,passengers,revenue,delay_minutes,time_slot
2024-01-01,"Route 101 - Downtown Express","BUS-1000",250,625,16,"Morning"
2024-01-02,"Route 204 - Metro Circle","BUS-1001",110,357.5,17,"Afternoon"
2024-01-04,"Route 305 - Airport Shuttle","BUS-1002",226,904,25,"Evening"
2024-01-05,"Route 408 - Suburban Link","BUS-1003",219,547.5,13,"Morning"
2024-01-06,"Route 101 - Downtown Express","BUS-1004",171,555.75,0,"Afternoon"
2024-01-08,"Route 204 - Metro Circle","BUS-1005",273,1092,0,"Evening"
2024-01-09,"Route 305 - Airport Shuttle","BUS-1006",265,662.5,8,"Morning"
2024-01-11,"Route 408 - Suburban Link","BUS-1007",127,412.75,14,"Afternoon"
2024-01-12,"Route 101 - Downtown Express","BUS-1008",220,880,24,"Evening"
2024-01-14,"Route 204 - Metro Circle","BUS-1009",289,722.5,19,"Morning"
2024-01-15,"Route 305 - Airport Shuttle","BUS-1010",137,445.25,0,"Afternoon"
2024-01-17,"Route 408 - Suburban Link","BUS-1011",296,1184,0,"Evening"
2024-01-18,"Route 101 - Downtown Express","BUS-1012",244,610,9,"Morning"
2024-01-19,"Route 204 - Metro Circle","BUS-1013",161,523.25,9,"Afternoon"
2024-01-21,"Route 305 - Airport Shuttle","BUS-1014",284,1136,24,"Evening"
2024-01-22,"Route 408 - Suburban Link","BUS-1015",189,472.5,24,"Morning"
2024-01-24,"Route 101 - Downtown Express","BUS-1016",138,448.5,0,"Afternoon"
2024-01-26,"Route 204 - Metro Circle","BUS-1017",266,1064,2,"Evening"
2024-01-27,"Route 305 - Airport Shuttle","BUS-1018",222,555,7,"Morning"
2024-01-28,"Route 408 - Suburban Link","BUS-1019",161,523.25,13,"Afternoon"
2024-01-30,"Route 101 - Downtown Express","BUS-1020",206,824,21,"Evening"
2024-01-31,"Route 204 - Metro Circle","BUS-1021",294,735,27,"Morning"
2024-02-02,"Route 305 - Airport Shuttle","BUS-1022",139,451.75,5,"Afternoon"
2024-02-03,"Route 408 - Suburban Link","BUS-1023",199,796,5,"Evening"
2024-02-05,"Route 101 - Downtown Express","BUS-1024",245,612.5,2,"Morning"
2024-02-06,"Route 204 - Metro Circle","BUS-1025",171,555.75,10,"Afternoon"
2024-02-08,"Route 305 - Airport Shuttle","BUS-1026",210,840,25,"Evening"
2024-02-09,"Route 408 - Suburban Link","BUS-1027",233,582.5,21,"Morning"
2024-02-11,"Route 101 - Downtown Express","BUS-1028",187,607.75,9,"Afternoon"
2024-02-12,"Route 204 - Metro Circle","BUS-1029",233,932,4,"Evening"
2024-02-13,"Route 305 - Airport Shuttle","BUS-1030",238,595,1,"Morning"
2024-02-15,"Route 408 - Suburban Link","BUS-1031",97,315.25,0,"Afternoon"
2024-02-17,"Route 101 - Downtown Express","BUS-1032",236,944,22,"Evening"
2024-02-18,"Route 204 - Metro Circle","BUS-1033",193,482.5,21,"Morning"
2024-02-19,"Route 305 - Airport Shuttle","BUS-1034",150,487.5,17,"Afternoon"
2024-02-21,"Route 408 - Suburban Link","BUS-1000",187,748,8,"Evening"
2024-02-22,"Route 101 - Downtown Express","BUS-1001",285,712.5,3,"Morning"
2024-02-24,"Route 204 - Metro Circle","BUS-1002",157,510.25,0,"Afternoon"
2024-02-25,"Route 305 - Airport Shuttle","BUS-1003",265,1060,17,"Evening"
2024-02-27,"Route 408 - Suburban Link","BUS-1004",298,745,20,"Morning"
2024-02-28,"Route 101 - Downtown Express","BUS-1005",203,659.75,11,"Afternoon"
2024-03-01,"Route 204 - Metro Circle","BUS-1006",194,776,7,"Evening"
2024-03-02,"Route 305 - Airport Shuttle","BUS-1007",263,657.5,0,"Morning"
2024-03-03,"Route 408 - Suburban Link","BUS-1008",106,344.5,0,"Afternoon"
2024-03-05,"Route 101 - Downtown Express","BUS-1009",261,1044,12,"Evening"
2024-03-07,"Route 204 - Metro Circle","BUS-1010",197,492.5,28,"Morning"
2024-03-08,"Route 305 - Airport Shuttle","BUS-1011",120,390,16,"Afternoon"
2024-03-10,"Route 408 - Suburban Link","BUS-1012",299,1196,10,"Evening"
2024-03-11,"Route 101 - Downtown Express","BUS-1013",216,540,6,"Morning"
2024-03-12,"Route 204 - Metro Circle","BUS-1014",182,591.5,0,"Afternoon"
2024-03-14,"Route 305 - Airport Shuttle","BUS-1015",248,992,4,"Evening"
2024-03-15,"Route 408 - Suburban Link","BUS-1016",287,717.5,19,"Morning"
2024-03-17,"Route 101 - Downtown Express","BUS-1017",126,409.5,15,"Afternoon"
2024-03-18,"Route 204 - Metro Circle","BUS-1018",197,788,14,"Evening"
2024-03-20,"Route 305 - Airport Shuttle","BUS-1019",283,707.5,5,"Morning"
2024-03-21,"Route 408 - Suburban Link","BUS-1020",148,481,0,"Afternoon"
2024-03-23,"Route 101 - Downtown Express","BUS-1021",203,812,2,"Evening"
2024-03-24,"Route 204 - Metro Circle","BUS-1022",205,512.5,20,"Morning"
2024-03-26,"Route 305 - Airport Shuttle","BUS-1023",100,325,15,"Afternoon"
2024-03-27,"Route 408 - Suburban Link","BUS-1024",234,936,16,"Evening"
2024-03-28,"Route 101 - Downtown Express","BUS-1025",299,747.5,9,"Morning"
2024-03-30,"Route 204 - Metro Circle","BUS-1026",146,474.5,0,"Afternoon"
2024-03-31,"Route 305 - Airport Shuttle","BUS-1027",265,1060,5,"Evening"
2024-04-02,"Route 408 - Suburban Link","BUS-1028",281,702.5,14,"Morning"
2024-04-03,"Route 101 - Downtown Express","BUS-1029",105,341.25,19,"Afternoon"
2024-04-05,"Route 204 - Metro Circle","BUS-1030",183,732,19,"Evening"
2024-04-06,"Route 305 - Airport Shuttle","BUS-1031",249,622.5,12,"Morning"
2024-04-08,"Route 408 - Suburban Link","BUS-1032",128,416,0,"Afternoon"
2024-04-09,"Route 101 - Downtown Express","BUS-1033",268,1072,1,"Evening"
2024-04-10,"Route 204 - Metro Circle","BUS-1034",264,660,15,"Morning"
2024-04-12,"Route 305 - Airport Shuttle","BUS-1000",112,364,17,"Afternoon"
2024-04-13,"Route 408 - Suburban Link","BUS-1001",295,1180,24,"Evening"
2024-04-15,"Route 101 - Downtown Express","BUS-1002",214,535,11,"Morning"
2024-04-17,"Route 204 - Metro Circle","BUS-1003",160,520,0,"Afternoon"
2024-04-18,"Route 305 - Airport Shuttle","BUS-1004",245,980,5,"Evening"
2024-04-19,"Route 408 - Suburban Link","BUS-1005",198,495,6,"Morning"
2024-04-21,"Route 101 - Downtown Express","BUS-1006",185,601.25,14,"Afternoon"
2024-04-22,"Route 204 - Metro Circle","BUS-1007",208,832,21,"Evening"
2024-04-24,"Route 305 - Airport Shuttle","BUS-1008",218,545,18,"Morning"
2024-04-25,"Route 408 - Suburban Link","BUS-1009",105,341.25,6,"Afternoon"
2024-04-27,"Route 101 - Downtown Express","BUS-1010",224,896,4,"Evening"
2024-04-28,"Route 204 - Metro Circle","BUS-1011",184,460,8,"Morning"
2024-04-29,"Route 305 - Airport Shuttle","BUS-1012",121,393.25,9,"Afternoon"
2024-05-01,"Route 408 - Suburban Link","BUS-1013",222,888,22,"Evening"
2024-05-02,"Route 101 - Downtown Express","BUS-1014",272,680,23,"Morning"
2024-05-04,"Route 204 - Metro Circle","BUS-1015",178,578.5,7,"Afternoon"
2024-05-06,"Route 305 - Airport Shuttle","BUS-1016",283,1132,0,"Evening"
2024-05-07,"Route 408 - Suburban Link","BUS-1017",182,455,7,"Morning"
2024-05-08,"Route 101 - Downtown Express","BUS-1018",200,650,12,"Afternoon"
2024-05-10,"Route 204 - Metro Circle","BUS-1019",232,928,21,"Evening"
2024-05-11,"Route 305 - Airport Shuttle","BUS-1020",299,747.5,18,"Morning"
2024-05-13,"Route 408 - Suburban Link","BUS-1021",128,416,6,"Afternoon"
2024-05-14,"Route 101 - Downtown Express","BUS-1022",237,948,0,"Evening"
2024-05-15,"Route 204 - Metro Circle","BUS-1023",246,615,0,"Morning"
2024-05-17,"Route 305 - Airport Shuttle","BUS-1024",171,555.75,8,"Afternoon"
2024-05-19,"Route 408 - Suburban Link","BUS-1025",294,1176,21,"Evening"
2024-05-20,"Route 101 - Downtown Express","BUS-1026",210,525,23,"Morning"
2024-05-22,"Route 204 - Metro Circle","BUS-1027",115,373.75,16,"Afternoon"
2024-05-23,"Route 305 - Airport Shuttle","BUS-1028",298,1192,5,"Evening"
2024-05-24,"Route 408 - Suburban Link","BUS-1029",204,510,0,"Morning"
2024-05-26,"Route 101 - Downtown Express","BUS-1030",105,341.25,0,"Afternoon"
2024-05-27,"Route 204 - Metro Circle","BUS-1031",271,1084,22,"Evening"
2024-05-29,"Route 305 - Airport Shuttle","BUS-1032",240,600,29,"Morning"
2024-05-30,"Route 408 - Suburban Link","BUS-1033",171,555.75,16,"Afternoon"
2024-05-31,"Route 101 - Downtown Express","BUS-1034",242,968,11,"Evening"
2024-06-02,"Route 204 - Metro Circle","BUS-1000",278,695,6,"Morning"
2024-06-04,"Route 305 - Airport Shuttle","BUS-1001",168,546,1,"Afternoon"
2024-06-05,"Route 408 - Suburban Link","BUS-1002",284,1136,18,"Evening"
2024-06-06,"Route 101 - Downtown Express","BUS-1003",251,627.5,20,"Morning"
2024-06-08,"Route 204 - Metro Circle","BUS-1004",107,347.75,18,"Afternoon"
2024-06-09,"Route 305 - Airport Shuttle","BUS-1005",239,956,9,"Evening"
2024-06-11,"Route 408 - Suburban Link","BUS-1006",238,595,0,"Morning"
2024-06-12,"Route 101 - Downtown Express","BUS-1007",103,334.75,0,"Afternoon"
2024-06-14,"Route 204 - Metro Circle","BUS-1008",198,792,14,"Evening"
2024-06-15,"Route 305 - Airport Shuttle","BUS-1009",248,620,22,"Morning"
2024-06-17,"Route 408 - Suburban Link","BUS-1010",94,305.5,22,"Afternoon"
2024-06-18,"Route 101 - Downtown Express","BUS-1011",238,952,18,"Evening"
2024-06-20,"Route 204 - Metro Circle","BUS-1012",196,490,1,"Morning"
2024-06-21,"Route 305 - Airport Shuttle","BUS-1013",106,344.5,0,"Afternoon"
2024-06-22,"Route 408 - Suburban Link","BUS-1014",282,1128,4,"Evening"
2024-06-24,"Route 101 - Downtown Express","BUS-1015",228,570,21,"Morning"
2024-06-25,"Route 204 - Metro Circle","BUS-1016",190,617.5,18,"Afternoon"
2024-06-27,"Route 305 - Airport Shuttle","BUS-1017",268,1072,16,"Evening"
2024-06-28,"Route 408 - Suburban Link","BUS-1018",236,590,4,"Morning"
2024-06-30,"Route 101 - Downtown Express","BUS-1019",125,406.25,0,"Afternoon"
2024-07-01,"Route 204 - Metro Circle","BUS-1020",268,1072,4,"Evening"
2024-07-03,"Route 305 - Airport Shuttle","BUS-1021",264,660,12,"Morning"
2024-07-04,"Route 408 - Suburban Link","BUS-1022",131,425.75,20,"Afternoon"
2024-07-06,"Route 101 - Downtown Express","BUS-1023",262,1048,19,"Evening"
2024-07-07,"Route 204 - Metro Circle","BUS-1024",220,550,10,"Morning"
2024-07-08,"Route 305 - Airport Shuttle","BUS-1025",116,377,0,"Afternoon"
2024-07-10,"Route 408 - Suburban Link","BUS-1026",232,928,1,"Evening"
2024-07-12,"Route 101 - Downtown Express","BUS-1027",282,705,15,"Morning"
2024-07-13,"Route 204 - Metro Circle","BUS-1028",202,656.5,15,"Afternoon"
2024-07-14,"Route 305 - Airport Shuttle","BUS-1029",267,1068,28,"Evening"
2024-07-16,"Route 408 - Suburban Link","BUS-1030",271,677.5,17,"Morning"
2024-07-17,"Route 101 - Downtown Express","BUS-1031",138,448.5,0,"Afternoon"
2024-07-19,"Route 204 - Metro Circle","BUS-1032",254,1016,0,"Evening"
2024-07-20,"Route 305 - Airport Shuttle","BUS-1033",214,535,8,"Morning"
2024-07-22,"Route 408 - Suburban Link","BUS-1034",94,305.5,12,"Afternoon"
2024-07-23,"Route 101 - Downtown Express","BUS-1000",194,776,24,"Evening"
2024-07-25,"Route 204 - Metro Circle","BUS-1001",204,510,17,"Morning"
2024-07-26,"Route 305 - Airport Shuttle","BUS-1002",198,643.5,0,"Afternoon"
2024-07-27,"Route 408 - Suburban Link","BUS-1003",240,960,0,"Evening"
2024-07-29,"Route 101 - Downtown Express","BUS-1004",267,667.5,5,"Morning"
2024-07-30,"Route 204 - Metro Circle","BUS-1005",110,357.5,16,"Afternoon"
2024-08-01,"Route 305 - Airport Shuttle","BUS-1006",236,944,24,"Evening"
2024-08-02,"Route 408 - Suburban Link","BUS-1007",252,630,23,"Morning"
2024-08-04,"Route 101 - Downtown Express","BUS-1008",181,588.25,0,"Afternoon"
2024-08-05,"Route 204 - Metro Circle","BUS-1009",294,1176,0,"Evening"
2024-08-07,"Route 305 - Airport Shuttle","BUS-1010",217,542.5,6,"Morning"
2024-08-08,"Route 408 - Suburban Link","BUS-1011",169,549.25,5,"Afternoon"
2024-08-10,"Route 101 - Downtown Express","BUS-1012",239,956,21,"Evening"
2024-08-11,"Route 204 - Metro Circle","BUS-1013",298,745,19,"Morning"
2024-08-13,"Route 305 - Airport Shuttle","BUS-1014",185,601.25,8,"Afternoon"
2024-08-14,"Route 408 - Suburban Link","BUS-1015",291,1164,4,"Evening"
2024-08-15,"Route 101 - Downtown Express","BUS-1016",260,650,5,"Morning"
2024-08-17,"Route 204 - Metro Circle","BUS-1017",158,513.5,4,"Afternoon"
2024-08-18,"Route 305 - Airport Shuttle","BUS-1018",230,920,23,"Evening"
2024-08-20,"Route 408 - Suburban Link","BUS-1019",242,605,25,"Morning"
2024-08-21,"Route 101 - Downtown Express","BUS-1020",127,412.75,5,"Afternoon"
2024-08-23,"Route 204 - Metro Circle","BUS-1021",271,1084,2,"Evening"
2024-08-24,"Route 305 - Airport Shuttle","BUS-1022",257,642.5,0,"Morning"
2024-08-26,"Route 408 - Suburban Link","BUS-1023",134,435.5,0,"Afternoon"
2024-08-27,"Route 101 - Downtown Express","BUS-1024",283,1132,23,"Evening"
2024-08-29,"Route 204 - Metro Circle","BUS-1025",282,705,26,"Morning"
2024-08-30,"Route 305 - Airport Shuttle","BUS-1026",90,292.5,13,"Afternoon"
2024-09-01,"Route 408 - Suburban Link","BUS-1027",184,736,7,"Evening"
2024-09-02,"Route 101 - Downtown Express","BUS-1028",212,530,1,"Morning"
2024-09-04,"Route 204 - Metro Circle","BUS-1029",198,643.5,0,"Afternoon"
2024-09-05,"Route 305 - Airport Shuttle","BUS-1030",198,792,21,"Evening"
2024-09-07,"Route 408 - Suburban Link","BUS-1031",238,595,21,"Morning"
2024-09-08,"Route 101 - Downtown Express","BUS-1032",175,568.75,14,"Afternoon"
2024-09-09,"Route 204 - Metro Circle","BUS-1033",247,988,12,"Evening"
2024-09-11,"Route 305 - Airport Shuttle","BUS-1034",253,632.5,0,"Morning"
2024-09-12,"Route 408 - Suburban Link","BUS-1000",137,445.25,0,"Afternoon"
2024-09-14,"Route 101 - Downtown Express","BUS-1001",289,1156,15,"Evening"
2024-09-15,"Route 204 - Metro Circle","BUS-1002",234,585,24,"Morning"
2024-09-17,"Route 305 - Airport Shuttle","BUS-1003",103,334.75,22,"Afternoon"
2024-09-18,"Route 408 - Suburban Link","BUS-1004",292,1168,13,"Evening"
2024-09-19,"Route 101 - Downtown Express","BUS-1005",296,740,0,"Morning"
2024-09-21,"Route 204 - Metro Circle","BUS-1006",97,315.25,0,"Afternoon"
2024-09-23,"Route 305 - Airport Shuttle","BUS-1007",268,1072,5,"Evening"
2024-09-24,"Route 408 - Suburban Link","BUS-1008",185,462.5,18,"Morning"
2024-09-25,"Route 101 - Downtown Express","BUS-1009",172,559,22,"Afternoon"
2024-09-27,"Route 204 - Metro Circle","BUS-1010",267,1068,16,"Evening"
2024-09-28,"Route 305 - Airport Shuttle","BUS-1011",296,740,5,"Morning"
2024-09-30,"Route 408 - Suburban Link","BUS-1012",114,370.5,0,"Afternoon"
2024-10-01,"Route 101 - Downtown Express","BUS-1013",298,1192,2,"Evening"
2024-10-03,"Route 204 - Metro Circle","BUS-1014",252,630,19,"Morning"
2024-10-04,"Route 305 - Airport Shuttle","BUS-1015",204,663,18,"Afternoon"
2024-10-06,"Route 408 - Suburban Link","BUS-1016",285,1140,23,"Evening"
2024-10-07,"Route 101 - Downtown Express","BUS-1017",281,702.5,13,"Morning"
2024-10-08,"Route 204 - Metro Circle","BUS-1018",116,377,0,"Afternoon"
2024-10-10,"Route 305 - Airport Shuttle","BUS-1019",188,752,4,"Evening"
2024-10-11,"Route 408 - Suburban Link","BUS-1020",195,487.5,10,"Morning"
2024-10-13,"Route 101 - Downtown Express","BUS-1021",127,412.75,14,"Afternoon"
2024-10-14,"Route 204 - Metro Circle","BUS-1022",199,796,23,"Evening"
2024-10-16,"Route 305 - Airport Shuttle","BUS-1023",238,595,11,"Morning"
2024-10-17,"Route 408 - Suburban Link","BUS-1024",145,471.25,0,"Afternoon"
2024-10-19,"Route 101 - Downtown Express","BUS-1025",207,828,2,"Evening"
2024-10-20,"Route 204 - Metro Circle","BUS-1026",257,642.5,8,"Morning"
2024-10-22,"Route 305 - Airport Shuttle","BUS-1027",187,607.75,20,"Afternoon"
2024-10-23,"Route 408 - Suburban Link","BUS-1028",225,900,19,"Evening"
2024-10-25,"Route 101 - Downtown Express","BUS-1029",185,462.5,16,"Morning"
2024-10-26,"Route 204 - Metro Circle","BUS-1030",180,585,2,"Afternoon"
2024-10-28,"Route 305 - Airport Shuttle","BUS-1031",241,964,2,"Evening"
2024-10-29,"Route 408 - Suburban Link","BUS-1032",292,730,11,"Morning"
2024-10-31,"Route 101 - Downtown Express","BUS-1033",199,646.75,15,"Afternoon"
2024-11-01,"Route 204 - Metro Circle","BUS-1034",216,864,26,"Evening"
2024-11-02,"Route 305 - Airport Shuttle","BUS-1000",236,590,16,"Morning"
2024-11-04,"Route 408 - Suburban Link","BUS-1001",114,370.5,2,"Afternoon"
2024-11-05,"Route 101 - Downtown Express","BUS-1002",232,928,2,"Evening"
2024-11-07,"Route 204 - Metro Circle","BUS-1003",215,537.5,6,"Morning"
2024-11-08,"Route 305 - Airport Shuttle","BUS-1004",160,520,15,"Afternoon"
2024-11-10,"Route 408 - Suburban Link","BUS-1005",296,1184,20,"Evening"
2024-11-11,"Route 101 - Downtown Express","BUS-1006",205,512.5,20,"Morning"
2024-11-13,"Route 204 - Metro Circle","BUS-1007",174,565.5,6,"Afternoon"
2024-11-14,"Route 305 - Airport Shuttle","BUS-1008",280,1120,3,"Evening"
2024-11-15,"Route 408 - Suburban Link","BUS-1009",182,455,7,"Morning"
2024-11-17,"Route 101 - Downtown Express","BUS-1010",130,422.5,4,"Afternoon"
2024-11-18,"Route 204 - Metro Circle","BUS-1011",254,1016,21,"Evening"
2024-11-20,"Route 305 - Airport Shuttle","BUS-1012",284,710,26,"Morning"
2024-11-21,"Route 408 - Suburban Link","BUS-1013",97,315.25,11,"Afternoon"
2024-11-23,"Route 101 - Downtown Express","BUS-1014",273,1092,0,"Evening"
2024-11-24,"Route 204 - Metro Circle","BUS-1015",292,730,4,"Morning"
2024-11-26,"Route 305 - Airport Shuttle","BUS-1016",110,357.5,0,"Afternoon"
2024-11-27,"Route 408 - Suburban Link","BUS-1017",270,1080,22,"Evening"
2024-11-29,"Route 101 - Downtown Express","BUS-1018",212,530,23,"Morning"
2024-11-30,"Route 204 - Metro Circle","BUS-1019",133,432.25,7,"Afternoon"
2024-12-02,"Route 305 - Airport Shuttle","BUS-1020",226,904,2,"Evening"
2024-12-03,"Route 408 - Suburban Link","BUS-1021",256,640,4,"Morning"
2024-12-04,"Route 101 - Downtown Express","BUS-1022",92,299,0,"Afternoon"
2024-12-06,"Route 204 - Metro Circle","BUS-1023",262,1048,16,"Evening"
2024-12-07,"Route 305 - Airport Shuttle","BUS-1024",250,625,27,"Morning"
2024-12-09,"Route 408 - Suburban Link","BUS-1025",99,321.75,13,"Afternoon"
2024-12-10,"Route 101 - Downtown Express","BUS-1026",292,1168,8,"Evening"
2024-12-12,"Route 204 - Metro Circle","BUS-1027",205,512.5,2,"Morning"
2024-12-13,"Route 305 - Airport Shuttle","BUS-1028",128,416,2,"Afternoon"
2024-12-15,"Route 408 - Suburban Link","BUS-1029",296,1184,10,"Evening"
2024-12-16,"Route 101 - Downtown Express","BUS-1030",231,577.5,23,"Morning"
2024-12-18,"Route 204 - Metro Circle","BUS-1031",135,438.75,15,"Afternoon"
2024-12-19,"Route 305 - Airport Shuttle","BUS-1032",200,800,10,"Evening"
2024-12-21,"Route 408 - Suburban Link","BUS-1033",273,682.5,4,"Morning"
2024-12-22,"Route 101 - Downtown Express","BUS-1034",96,312,0,"Afternoon"
2024-12-23,"Route 204 - Metro Circle","BUS-1000",215,860,16,"Evening"
2024-12-25,"Route 305 - Airport Shuttle","BUS-1001",222,555,25,"Morning"
2024-12-26,"Route 408 - Suburban Link","BUS-1002",203,659.75,19,"Afternoon"
2024-12-28,"Route 101 - Downtown Express","BUS-1003",223,892,14,"Evening"
2024-12-29,"Route 204 - Metro Circle","BUS-1004",203,507.5,8,"Morning"
2024-12-31,"Route 305 - Airport Shuttle","BUS-1005",124,403,0,"Afternoon"
2025-01-01,"Route 408 - Suburban Link","BUS-1006",294,1176,11,"Evening"
2025-01-03,"Route 101 - Downtown Express","BUS-1007",249,622.5,19,"Morning"
2025-01-04,"Route 204 - Metro Circle","BUS-1008",177,575.25,23,"Afternoon"
2025-01-05,"Route 305 - Airport Shuttle","BUS-1009",296,1184,19,"Evening"
2025-01-07,"Route 408 - Suburban Link","BUS-1010",182,455,2,"Morning"
2025-01-08,"Route 101 - Downtown Express","BUS-1011",103,334.75,0,"Afternoon"
2025-01-10,"Route 204 - Metro Circle","BUS-1012",236,944,6,"Evening"
2025-01-11,"Route 305 - Airport Shuttle","BUS-1013",245,612.5,19,"Morning"
2025-01-13,"Route 408 - Suburban Link","BUS-1014",205,666.25,20,"Afternoon"
2025-01-14,"Route 101 - Downtown Express","BUS-1015",292,1168,20,"Evening"
2025-01-16,"Route 204 - Metro Circle","BUS-1016",288,720,10,"Morning"
2025-01-17,"Route 305 - Airport Shuttle","BUS-1017",184,598,0,"Afternoon"
2025-01-19,"Route 408 - Suburban Link","BUS-1018",293,1172,0,"Evening"
2025-01-20,"Route 101 - Downtown Express","BUS-1019",216,540,10,"Morning"
2025-01-22,"Route 204 - Metro Circle","BUS-1020",172,559,18,"Afternoon"
2025-01-23,"Route 305 - Airport Shuttle","BUS-1021",240,960,24,"Evening"
2025-01-25,"Route 408 - Suburban Link","BUS-1022",268,670,10,"Morning"
2025-01-26,"Route 101 - Downtown Express","BUS-1023",118,383.5,0,"Afternoon"
2025-01-28,"Route 204 - Metro Circle","BUS-1024",238,952,0,"Evening"
2025-01-29,"Route 305 - Airport Shuttle","BUS-1025",227,567.5,12,"Morning"
2025-01-30,"Route 408 - Suburban Link","BUS-1026",162,526.5,17,"Afternoon"
2025-02-01,"Route 101 - Downtown Express","BUS-1027",196,784,27,"Evening"
2025-02-02,"Route 204 - Metro Circle","BUS-1028",181,452.5,16,"Morning"
2025-02-04,"Route 305 - Airport Shuttle","BUS-1029",163,529.75,4,"Afternoon"
2025-02-05,"Route 408 - Suburban Link","BUS-1030",287,1148,5,"Evening"
2025-02-07,"Route 101 - Downtown Express","BUS-1031",294,735,9,"Morning"
2025-02-08,"Route 204 - Metro Circle","BUS-1032",139,451.75,11,"Afternoon"
2025-02-10,"Route 305 - Airport Shuttle","BUS-1033",256,1024,28,"Evening"
2025-02-11,"Route 408 - Suburban Link","BUS-1034",243,607.5,19,"Morning"
2025-02-13,"Route 101 - Downtown Express","BUS-1000",177,575.25,5,"Afternoon"
2025-02-14,"Route 204 - Metro Circle","BUS-1001",278,1112,0,"Evening"
2025-02-15,"Route 305 - Airport Shuttle","BUS-1002",218,545,6,"Morning"
2025-02-17,"Route 408 - Suburban Link","BUS-1003",152,494,13,"Afternoon"
2025-02-18,"Route 101 - Downtown Express","BUS-1004",289,1156,20,"Evening"
2025-02-20,"Route 204 - Metro Circle","BUS-1005",259,647.5,23,"Morning"
2025-02-21,"Route 305 - Airport Shuttle","BUS-1006",120,390,7,"Afternoon"
2025-02-23,"Route 408 - Suburban Link","BUS-1007",293,1172,0,"Evening"
2025-02-24,"Route 101 - Downtown Express","BUS-1008",180,450,3,"Morning"
2025-02-26,"Route 204 - Metro Circle","BUS-1009",117,380.25,10,"Afternoon"
2025-02-27,"Route 305 - Airport Shuttle","BUS-1010",247,988,18,"Evening"
2025-03-01,"Route 408 - Suburban Link","BUS-1011",267,667.5,28,"Morning"
2025-03-02,"Route 101 - Downtown Express","BUS-1012",146,474.5,10,"Afternoon"
2025-03-03,"Route 204 - Metro Circle","BUS-1013",282,1128,1,"Evening"
2025-03-05,"Route 305 - Airport Shuttle","BUS-1014",257,642.5,0,"Morning"
2025-03-07,"Route 408 - Suburban Link","BUS-1015",199,646.75,0,"Afternoon"
2025-03-08,"Route 101 - Downtown Express","BUS-1016",279,1116,16,"Evening"
2025-03-09,"Route 204 - Metro Circle","BUS-1017",285,712.5,24,"Morning"
2025-03-11,"Route 305 - Airport Shuttle","BUS-1018",96,312,15,"Afternoon"
2025-03-12,"Route 408 - Suburban Link","BUS-1019",235,940,2,"Evening"
2025-03-14,"Route 101 - Downtown Express","BUS-1020",289,722.5,0,"Morning"
2025-03-15,"Route 204 - Metro Circle","BUS-1021",104,338,0,"Afternoon"
2025-03-17,"Route 305 - Airport Shuttle","BUS-1022",230,920,18,"Evening"
2025-03-18,"Route 408 - Suburban Link","BUS-1023",188,470,24,"Morning"
2025-03-20,"Route 101 - Downtown Express","BUS-1024",187,607.75,13,"Afternoon"
2025-03-21,"Route 204 - Metro Circle","BUS-1025",184,736,12,"Evening"
2025-03-23,"Route 305 - Airport Shuttle","BUS-1026",249,622.5,0,"Morning"
2025-03-24,"Route 408 - Suburban Link","BUS-1027",179,581.75,0,"Afternoon"
2025-03-25,"Route 101 - Downtown Express","BUS-1028",251,1004,9,"Evening"
2025-03-27,"Route 204 - Metro Circle","BUS-1029",285,712.5,22,"Morning"
2025-03-28,"Route 305 - Airport Shuttle","BUS-1030",158,513.5,13,"Afternoon"
2025-03-30,"Route 408 - Suburban Link","BUS-1031",283,1132,9,"Evening"
2025-03-31,"Route 101 - Downtown Express","BUS-1032",212,530,4,"Morning"
2025-04-02,"Route 204 - Metro Circle","BUS-1033",99,321.75,0,"Afternoon"
2025-04-03,"Route 305 - Airport Shuttle","BUS-1034",284,1136,14,"Evening"
2025-04-05,"Route 408 - Suburban Link","BUS-1000",260,650,25,"Morning"
2025-04-06,"Route 101 - Downtown Express","BUS-1001",142,461.5,13,"Afternoon"
2025-04-08,"Route 204 - Metro Circle","BUS-1002",243,972,12,"Evening"
2025-04-09,"Route 305 - Airport Shuttle","BUS-1003",182,455,4,"Morning"
2025-04-10,"Route 408 - Suburban Link","BUS-1004",128,416,0,"Afternoon"
2025-04-12,"Route 101 - Downtown Express","BUS-1005",226,904,12,"Evening"
2025-04-13,"Route 204 - Metro Circle","BUS-1006",299,747.5,17,"Morning"
2025-04-15,"Route 305 - Airport Shuttle","BUS-1007",200,650,22,"Afternoon"
2025-04-16,"Route 408 - Suburban Link","BUS-1008",268,1072,22,"Evening"
2025-04-18,"Route 101 - Downtown Express","BUS-1009",268,670,5,"Morning"
2025-04-19,"Route 204 - Metro Circle","BUS-1010",173,562.25,0,"Afternoon"
2025-04-21,"Route 305 - Airport Shuttle","BUS-1011",189,756,5,"Evening"
2025-04-22,"Route 408 - Suburban Link","BUS-1012",189,472.5,11,"Morning"
2025-04-24,"Route 101 - Downtown Express","BUS-1013",117,380.25,19,"Afternoon"
2025-04-25,"Route 204 - Metro Circle","BUS-1014",238,952,17,"Evening"
2025-04-26,"Route 305 - Airport Shuttle","BUS-1015",299,747.5,15,"Morning"
2025-04-28,"Route 408 - Suburban Link","BUS-1016",165,536.25,0,"Afternoon"
2025-04-29,"Route 101 - Downtown Express","BUS-1017",230,920,0,"Evening"
2025-05-01,"Route 204 - Metro Circle","BUS-1018",297,742.5,15,"Morning"
2025-05-02,"Route 305 - Airport Shuttle","BUS-1019",138,448.5,20,"Afternoon"
2025-05-04,"Route 408 - Suburban Link","BUS-1020",226,904,27,"Evening"
2025-05-06,"Route 101 - Downtown Express","BUS-1021",199,497.5,13,"Morning"
2025-05-07,"Route 204 - Metro Circle","BUS-1022",125,406.25,0,"Afternoon"
2025-05-08,"Route 305 - Airport Shuttle","BUS-1023",199,796,0,"Evening"
2025-05-10,"Route 408 - Suburban Link","BUS-1024",195,487.5,6,"Morning"
2025-05-11,"Route 101 - Downtown Express","BUS-1025",178,578.5,11,"Afternoon"
2025-05-12,"Route 204 - Metro Circle","BUS-1026",192,768,20,"Evening"
2025-05-14,"Route 305 - Airport Shuttle","BUS-1027",261,652.5,22,"Morning"
2025-05-16,"Route 408 - Suburban Link","BUS-1028",160,520,2,"Afternoon"
2025-05-17,"Route 101 - Downtown Express","BUS-1029",194,776,0,"Evening"
2025-05-18,"Route 204 - Metro Circle","BUS-1030",278,695,5,"Morning"
2025-05-20,"Route 305 - Airport Shuttle","BUS-1031",164,533,10,"Afternoon"
2025-05-21,"Route 408 - Suburban Link","BUS-1032",282,1128,29,"Evening"
2025-05-23,"Route 101 - Downtown Express","BUS-1033",239,597.5,16,"Morning"
2025-05-25,"Route 204 - Metro Circle","BUS-1034",126,409.5,1,"Afternoon"
2025-05-26,"Route 305 - Airport Shuttle","BUS-1000",190,760,4,"Evening"
2025-05-27,"Route 408 - Suburban Link","BUS-1001",298,745,5,"Morning"
2025-05-29,"Route 101 - Downtown Express","BUS-1002",177,575.25,10,"Afternoon"
2025-05-30,"Route 204 - Metro Circle","BUS-1003",254,1016,21,"Evening"
2025-05-31,"Route 305 - Airport Shuttle","BUS-1004",213,532.5,20,"Morning"
2025-06-02,"Route 408 - Suburban Link","BUS-1005",147,477.75,4,"Afternoon"
2025-06-03,"Route 101 - Downtown Express","BUS-1006",296,1184,2,"Evening"
2025-06-05,"Route 204 - Metro Circle","BUS-1007",284,710,0,"Morning"
2025-06-07,"Route 305 - Airport Shuttle","BUS-1008",164,533,3,"Afternoon"
2025-06-08,"Route 408 - Suburban Link","BUS-1009",215,860,26,"Evening"
2025-06-10,"Route 101 - Downtown Express","BUS-1010",222,555,25,"Morning"
2025-06-11,"Route 204 - Metro Circle","BUS-1011",105,341.25,7,"Afternoon"
2025-06-12,"Route 305 - Airport Shuttle","BUS-1012",241,964,1,"Evening"
2025-06-13,"Route 408 - Suburban Link","BUS-1013",283,707.5,3,"Morning"
2025-06-15,"Route 101 - Downtown Express","BUS-1014",199,646.75,6,"Afternoon"
2025-06-17,"Route 204 - Metro Circle","BUS-1015",188,752,18,"Evening"
2025-06-18,"Route 305 - Airport Shuttle","BUS-1016",269,672.5,25,"Morning"
2025-06-20,"Route 408 - Suburban Link","BUS-1017",95,308.75,12,"Afternoon"
2025-06-21,"Route 101 - Downtown Express","BUS-1018",213,852,9,"Evening"
2025-06-22,"Route 204 - Metro Circle","BUS-1019",218,545,4,"Morning"
2025-06-24,"Route 305 - Airport Shuttle","BUS-1020",135,438.75,0,"Afternoon"
2025-06-25,"Route 408 - Suburban Link","BUS-1021",260,1040,19,"Evening"
2025-06-27,"Route 101 - Downtown Express","BUS-1022",259,647.5,19,"Morning"
2025-06-29,"Route 204 - Metro Circle","BUS-1023",171,555.75,13,"Afternoon"
2025-06-30,"Route 305 - Airport Shuttle","BUS-1024",250,1000,12,"Evening"
2025-07-01,"Route 408 - Suburban Link","BUS-1025",261,652.5,0,"Morning"
2025-07-03,"Route 101 - Downtown Express","BUS-1026",156,507,0,"Afternoon"
2025-07-04,"Route 204 - Metro Circle","BUS-1027",220,880,10,"Evening"
2025-07-06,"Route 305 - Airport Shuttle","BUS-1028",288,720,26,"Morning"
2025-07-07,"Route 408 - Suburban Link","BUS-1029",201,653.25,18,"Afternoon"
2025-07-09,"Route 101 - Downtown Express","BUS-1030",249,996,10,"Evening"
2025-07-10,"Route 204 - Metro Circle","BUS-1031",216,540,0,"Morning"
2025-07-11,"Route 305 - Airport Shuttle","BUS-1032",160,520,0,"Afternoon"
2025-07-13,"Route 408 - Suburban Link","BUS-1033",217,868,10,"Evening"
2025-07-14,"Route 101 - Downtown Express","BUS-1034",215,537.5,24,"Morning"
2025-07-16,"Route 204 - Metro Circle","BUS-1000",147,477.75,19,"Afternoon"
2025-07-17,"Route 305 - Airport Shuttle","BUS-1001",224,896,17,"Evening"
2025-07-19,"Route 408 - Suburban Link","BUS-1002",257,642.5,10,"Morning"
2025-07-20,"Route 101 - Downtown Express","BUS-1003",195,633.75,0,"Afternoon"
2025-07-22,"Route 204 - Metro Circle","BUS-1004",264,1056,5,"Evening"
2025-07-23,"Route 305 - Airport Shuttle","BUS-1005",207,517.5,16,"Morning"
2025-07-24,"Route 408 - Suburban Link","BUS-1006",115,373.75,16,"Afternoon"
2025-07-26,"Route 101 - Downtown Express","BUS-1007",238,952,18,"Evening"
2025-07-27,"Route 204 - Metro Circle","BUS-1008",214,535,7,"Morning"
2025-07-29,"Route 305 - Airport Shuttle","BUS-1009",124,403,0,"Afternoon"
2025-07-31,"Route 408 - Suburban Link","BUS-1010",208,832,7,"Evening"
2025-08-01,"Route 101 - Downtown Express","BUS-1011",218,545,13,"Morning"
2025-08-02,"Route 204 - Metro Circle","BUS-1012",183,594.75,22,"Afternoon"
2025-08-04,"Route 305 - Airport Shuttle","BUS-1013",199,796,20,"Evening"
2025-08-06,"Route 408 - Suburban Link","BUS-1014",285,712.5,11,"Morning"
2025-08-07,"Route 101 - Downtown Express","BUS-1015",159,516.75,0,"Afternoon"
2025-08-08,"Route 204 - Metro Circle","BUS-1016",189,756,3,"Evening"
2025-08-09,"Route 305 - Airport Shuttle","BUS-1017",251,627.5,11,"Morning"
2025-08-11,"Route 408 - Suburban Link","BUS-1018",160,520,17,"Afternoon"
2025-08-13,"Route 101 - Downtown Express","BUS-1019",253,1012,21,"Evening"
2025-08-14,"Route 204 - Metro Circle","BUS-1020",263,657.5,11,"Morning"
2025-08-15,"Route 305 - Airport Shuttle","BUS-1021",153,497.25,0,"Afternoon"
2025-08-17,"Route 408 - Suburban Link","BUS-1022",285,1140,5,"Evening"
2025-08-18,"Route 101 - Downtown Express","BUS-1023",198,495,6,"Morning"
2025-08-20,"Route 204 - Metro Circle","BUS-1024",181,588.25,12,"Afternoon"
2025-08-21,"Route 305 - Airport Shuttle","BUS-1025",278,1112,27,"Evening"
2025-08-23,"Route 408 - Suburban Link","BUS-1026",181,452.5,18,"Morning"
2025-08-24,"Route 101 - Downtown Express","BUS-1027",137,445.25,0,"Afternoon"
2025-08-26,"Route 204 - Metro Circle","BUS-1028",249,996,4,"Evening"
2025-08-27,"Route 305 - Airport Shuttle","BUS-1029",193,482.5,8,"Morning"
2025-08-29,"Route 408 - Suburban Link","BUS-1030",181,588.25,5,"Afternoon"
2025-08-30,"Route 101 - Downtown Express","BUS-1031",196,784,25,"Evening"
2025-08-31,"Route 204 - Metro Circle","BUS-1032",202,505,21,"Morning"
2025-09-02,"Route 305 - Airport Shuttle","BUS-1033",94,305.5,4,"Afternoon"
2025-09-03,"Route 408 - Suburban Link","BUS-1034",248,992,5,"Evening"
2025-09-05,"Route 101 - Downtown Express","BUS-1000",199,497.5,5,"Morning"
2025-09-06,"Route 204 - Metro Circle","BUS-1001",147,477.75,12,"Afternoon"
2025-09-08,"Route 305 - Airport Shuttle","BUS-1002",218,872,18,"Evening"
2025-09-09,"Route 408 - Suburban Link","BUS-1003",183,457.5,20,"Morning"
2025-09-11,"Route 101 - Downtown Express","BUS-1004",104,338,9,"Afternoon"
2025-09-12,"Route 204 - Metro Circle","BUS-1005",291,1164,4,"Evening"
2025-09-14,"Route 305 - Airport Shuttle","BUS-1006",194,485,5,"Morning"
2025-09-15,"Route 408 - Suburban Link","BUS-1007",101,328.25,5,"Afternoon"
2025-09-16,"Route 101 - Downtown Express","BUS-1008",216,864,23,"Evening"
2025-09-18,"Route 204 - Metro Circle","BUS-1009",283,707.5,29,"Morning"
2025-09-19,"Route 305 - Airport Shuttle","BUS-1010",150,487.5,7,"Afternoon"
2025-09-21,"Route 408 - Suburban Link","BUS-1011",294,1176,1,"Evening"
2025-09-22,"Route 101 - Downtown Express","BUS-1012",232,580,0,"Morning"
2025-09-24,"Route 204 - Metro Circle","BUS-1013",191,620.75,0,"Afternoon"
2025-09-25,"Route 305 - Airport Shuttle","BUS-1014",243,972,15,"Evening"
2025-09-27,"Route 408 - Suburban Link","BUS-1015",184,460,27,"Morning"
2025-09-28,"Route 101 - Downtown Express","BUS-1016",118,383.5,15,"Afternoon"
2025-09-30,"Route 204 - Metro Circle","BUS-1017",271,1084,8,"Evening"
2025-10-01,"Route 305 - Airport Shuttle","BUS-1018",180,450,0,"Morning"
2025-10-03,"Route 408 - Suburban Link","BUS-1019",101,328.25,0,"Afternoon"
2025-10-04,"Route 101 - Downtown Express","BUS-1020",210,840,14,"Evening"
2025-10-05,"Route 204 - Metro Circle","BUS-1021",259,647.5,24,"Morning"
2025-10-07,"Route 305 - Airport Shuttle","BUS-1022",169,549.25,13,"Afternoon"
2025-10-08,"Route 408 - Suburban Link","BUS-1023",281,1124,12,"Evening"
2025-10-10,"Route 101 - Downtown Express","BUS-1024",289,722.5,1,"Morning"
2025-10-12,"Route 204 - Metro Circle","BUS-1025",93,302.25,0,"Afternoon"
2025-10-13,"Route 305 - Airport Shuttle","BUS-1026",201,804,15,"Evening"
2025-10-14,"Route 408 - Suburban Link","BUS-1027",206,515,26,"Morning"
2025-10-16,"Route 101 - Downtown Express","BUS-1028",143,464.75,15,"Afternoon"
2025-10-17,"Route 204 - Metro Circle","BUS-1029",199,796,15,"Evening"
2025-10-19,"Route 305 - Airport Shuttle","BUS-1030",237,592.5,2,"Morning"
2025-10-20,"Route 408 - Suburban Link","BUS-1031",114,370.5,0,"Afternoon"
2025-10-22,"Route 101 - Downtown Express","BUS-1032",191,764,9,"Evening"
2025-10-23,"Route 204 - Metro Circle","BUS-1033",212,530,17,"Morning"
2025-10-25,"Route 305 - Airport Shuttle","BUS-1034",101,328.25,15,"Afternoon"
2025-10-26,"Route 408 - Suburban Link","BUS-1000",196,784,17,"Evening"
2025-10-28,"Route 101 - Downtown Express","BUS-1001",206,515,7,"Morning"
2025-10-29,"Route 204 - Metro Circle","BUS-1002",187,607.75,0,"Afternoon"
2025-10-31,"Route 305 - Airport Shuttle","BUS-1003",261,1044,1,"Evening"
2025-11-01,"Route 408 - Suburban Link","BUS-1004",202,505,13,"Morning"
2025-11-02,"Route 101 - Downtown Express","BUS-1005",103,334.75,22,"Afternoon"
2025-11-04,"Route 204 - Metro Circle","BUS-1006",189,756,19,"Evening"
2025-11-05,"Route 305 - Airport Shuttle","BUS-1007",186,465,6,"Morning"
2025-11-07,"Route 408 - Suburban Link","BUS-1008",134,435.5,0,"Afternoon"
2025-11-08,"Route 101 - Downtown Express","BUS-1009",290,1160,1,"Evening"
2025-11-10,"Route 204 - Metro Circle","BUS-1010",268,670,17,"Morning"
2025-11-11,"Route 305 - Airport Shuttle","BUS-1011",178,578.5,14,"Afternoon"
2025-11-12,"Route 408 - Suburban Link","BUS-1012",242,968,20,"Evening"
2025-11-14,"Route 101 - Downtown Express","BUS-1013",201,502.5,18,"Morning"
2025-11-16,"Route 204 - Metro Circle","BUS-1014",192,624,1,"Afternoon"
2025-11-17,"Route 305 - Airport Shuttle","BUS-1015",180,720,2,"Evening"
2025-11-19,"Route 408 - Suburban Link","BUS-1016",295,737.5,11,"Morning"
2025-11-20,"Route 101 - Downtown Express","BUS-1017",172,559,17,"Afternoon"
2025-11-21,"Route 204 - Metro Circle","BUS-1018",288,1152,29,"Evening"
2025-11-23,"Route 305 - Airport Shuttle","BUS-1019",277,692.5,13,"Morning"
2025-11-24,"Route 408 - Suburban Link","BUS-1020",126,409.5,0,"Afternoon"
2025-11-26,"Route 101 - Downtown Express","BUS-1021",228,912,0,"Evening"
2025-11-27,"Route 204 - Metro Circle","BUS-1022",268,670,7,"Morning"
2025-11-29,"Route 305 - Airport Shuttle","BUS-1023",154,500.5,14,"Afternoon"
2025-11-30,"Route 408 - Suburban Link","BUS-1024",248,992,20,"Evening"
2025-12-01,"Route 101 - Downtown Express","BUS-1025",193,482.5,17,"Morning"
2025-12-03,"Route 204 - Metro Circle","BUS-1026",108,351,5,"Afternoon"
2025-12-05,"Route 305 - Airport Shuttle","BUS-1027",288,1152,3,"Evening"
2025-12-06,"Route 408 - Suburban Link","BUS-1028",283,707.5,4,"Morning"
2025-12-07,"Route 101 - Downtown Express","BUS-1029",209,679.25,7,"Afternoon"
2025-12-09,"Route 204 - Metro Circle","BUS-1030",243,972,25,"Evening"
2025-12-10,"Route 305 - Airport Shuttle","BUS-1031",286,715,22,"Morning"
2025-12-12,"Route 408 - Suburban Link","BUS-1032",203,659.75,9,"Afternoon"
2025-12-13,"Route 101 - Downtown Express","BUS-1033",244,976,6,"Evening"
2025-12-15,"Route 204 - Metro Circle","BUS-1034",251,627.5,1,"Morning"
2025-12-16,"Route 305 - Airport Shuttle","BUS-1000",163,529.75,1,"Afternoon"
2025-12-18,"Route 408 - Suburban Link","BUS-1001",251,1004,25,"Evening"
2025-12-19,"Route 101 - Downtown Express","BUS-1002",217,542.5,24,"Morning"
2025-12-21,"Route 204 - Metro Circle","BUS-1003",99,321.75,6,"Afternoon"
2025-12-22,"Route 305 - Airport Shuttle","BUS-1004",257,1028,7,"Evening"
2025-12-24,"Route 408 - Suburban Link","BUS-1005",268,670,1,"Morning"
2025-12-25,"Route 101 - Downtown Express","BUS-1006",138,448.5,2,"Afternoon"
2025-12-26,"Route 204 - Metro Circle","BUS-1007",255,1020,22,"Evening"
2025-12-28,"Route 305 - Airport Shuttle","BUS-1008",221,552.5,24,"Morning"
2025-12-29,"Route 408 - Suburban Link","BUS-1009",133,432.25,13,"Afternoon"