date,department,year,students_present,students_absent,total_strength
2024-01-01,"Computer Science","1st Year",169,6,175
2024-01-02,"Mechanical Engineering","2nd Year",126,20,146
2024-01-04,"Electrical Engineering","3rd Year",133,37,170
2024-01-05,"Civil Engineering","4th Year",100,32,132
2024-01-07,"Business Admin","1st Year",149,49,198
2024-01-08,"Computer Science","2nd Year",155,42,197
2024-01-10,"Mechanical Engineering","3rd Year",156,12,168
2024-01-11,"Electrical Engineering","4th Year",99,21,120
2024-01-13,"Civil Engineering","1st Year",120,36,156
2024-01-14,"Business Admin","2nd Year",184,14,198
2024-01-15,"Computer Science","3rd Year",96,28,124
2024-01-17,"Mechanical Engineering","4th Year",143,37,180
2024-01-18,"Electrical Engineering","1st Year",107,15,122
2024-01-20,"Civil Engineering","2nd Year",111,14,125
2024-01-21,"Business Admin","3rd Year",119,8,127
2024-01-23,"Computer Science","4th Year",138,23,161
2024-01-24,"Mechanical Engineering","1st Year",114,29,143
2024-01-25,"Electrical Engineering","2nd Year",140,17,157
2024-01-27,"Civil Engineering","3rd Year",121,18,139
2024-01-29,"Business Admin","4th Year",107,18,125
2024-01-30,"Computer Science","1st Year",123,15,138
2024-01-31,"Mechanical Engineering","2nd Year",135,9,144
2024-02-02,"Electrical Engineering","3rd Year",124,12,136
2024-02-03,"Civil Engineering","4th Year",136,30,166
2024-02-05,"Business Admin","1st Year",168,26,194
2024-02-06,"Computer Science","2nd Year",178,8,186
2024-02-08,"Mechanical Engineering","3rd Year",148,9,157
2024-02-09,"Electrical Engineering","4th Year",141,47,188
2024-02-11,"Civil Engineering","1st Year",175,7,182
2024-02-12,"Business Admin","2nd Year",168,12,180
2024-02-14,"Computer Science","3rd Year",138,7,145
2024-02-15,"Mechanical Engineering","4th Year",154,27,181
2024-02-16,"Electrical Engineering","1st Year",139,28,167
2024-02-18,"Civil Engineering","2nd Year",118,29,147
2024-02-19,"Business Admin","3rd Year",104,34,138
2024-02-21,"Computer Science","4th Year",129,12,141
2024-02-22,"Mechanical Engineering","1st Year",168,8,176
2024-02-24,"Electrical Engineering","2nd Year",123,36,159
2024-02-25,"Civil Engineering","3rd Year",108,32,140
2024-02-27,"Business Admin","4th Year",164,22,186
2024-02-28,"Computer Science","1st Year",190,9,199
2024-03-01,"Mechanical Engineering","2nd Year",124,40,164
2024-03-02,"Electrical Engineering","3rd Year",157,6,163
2024-03-04,"Civil Engineering","4th Year",134,17,151
2024-03-05,"Business Admin","1st Year",110,28,138
2024-03-06,"Computer Science","2nd Year",128,22,150
2024-03-08,"Mechanical Engineering","3rd Year",139,20,159
2024-03-09,"Electrical Engineering","4th Year",113,7,120
2024-03-11,"Civil Engineering","1st Year",145,20,165
2024-03-12,"Business Admin","2nd Year",143,38,181
2024-03-14,"Computer Science","3rd Year",130,28,158
2024-03-15,"Mechanical Engineering","4th Year",127,7,134
2024-03-17,"Electrical Engineering","1st Year",153,11,164
2024-03-18,"Civil Engineering","2nd Year",188,6,194
2024-03-20,"Business Admin","3rd Year",132,4,136
2024-03-21,"Computer Science","4th Year",150,11,161
2024-03-23,"Mechanical Engineering","1st Year",152,8,160
2024-03-24,"Electrical Engineering","2nd Year",100,23,123
2024-03-26,"Civil Engineering","3rd Year",115,32,147
2024-03-27,"Business Admin","4th Year",124,9,133
2024-03-28,"Computer Science","1st Year",132,5,137
2024-03-30,"Mechanical Engineering","2nd Year",114,6,120
2024-03-31,"Electrical Engineering","3rd Year",162,13,175
2024-04-02,"Civil Engineering","4th Year",130,23,153
2024-04-03,"Business Admin","1st Year",137,15,152
2024-04-05,"Computer Science","2nd Year",143,12,155
2024-04-06,"Mechanical Engineering","3rd Year",113,10,123
2024-04-07,"Electrical Engineering","4th Year",101,32,133
2024-04-09,"Civil Engineering","1st Year",153,4,157
2024-04-11,"Business Admin","2nd Year",173,21,194
2024-04-12,"Computer Science","3rd Year",108,17,125
2024-04-13,"Mechanical Engineering","4th Year",174,13,187
2024-04-15,"Electrical Engineering","1st Year",158,14,172
2024-04-16,"Civil Engineering","2nd Year",130,34,164
2024-04-18,"Business Admin","3rd Year",141,16,157
2024-04-19,"Computer Science","4th Year",144,18,162
2024-04-21,"Mechanical Engineering","1st Year",131,35,166
2024-04-22,"Electrical Engineering","2nd Year",120,7,127
2024-04-24,"Civil Engineering","3rd Year",118,22,140
2024-04-25,"Business Admin","4th Year",120,9,129
2024-04-26,"Computer Science","1st Year",128,18,146
2024-04-28,"Mechanical Engineering","2nd Year",141,17,158
2024-04-30,"Electrical Engineering","3rd Year",115,16,131
2024-05-01,"Civil Engineering","4th Year",174,15,189
2024-05-03,"Business Admin","1st Year",103,32,135
2024-05-04,"Computer Science","2nd Year",132,44,176
2024-05-05,"Mechanical Engineering","3rd Year",174,11,185
2024-05-07,"Electrical Engineering","4th Year",113,27,140
2024-05-08,"Civil Engineering","1st Year",138,37,175
2024-05-10,"Business Admin","2nd Year",160,23,183
2024-05-11,"Computer Science","3rd Year",130,10,140
2024-05-13,"Mechanical Engineering","4th Year",132,12,144
2024-05-14,"Electrical Engineering","1st Year",146,4,150
2024-05-15,"Civil Engineering","2nd Year",167,19,186
2024-05-17,"Business Admin","3rd Year",134,41,175
2024-05-18,"Computer Science","4th Year",110,13,123
2024-05-20,"Mechanical Engineering","1st Year",188,10,198
2024-05-21,"Electrical Engineering","2nd Year",150,16,166
2024-05-23,"Civil Engineering","3rd Year",150,16,166
2024-05-24,"Business Admin","4th Year",153,27,180
2024-05-26,"Computer Science","1st Year",108,19,127
2024-05-27,"Mechanical Engineering","2nd Year",126,27,153
2024-05-29,"Electrical Engineering","3rd Year",146,30,176
2024-05-30,"Civil Engineering","4th Year",148,25,173
2024-05-31,"Business Admin","1st Year",147,19,166
2024-06-02,"Computer Science","2nd Year",135,24,159
2024-06-03,"Mechanical Engineering","3rd Year",192,5,197
2024-06-05,"Electrical Engineering","4th Year",114,28,142
2024-06-06,"Civil Engineering","1st Year",177,13,190
2024-06-08,"Business Admin","2nd Year",175,10,185
2024-06-09,"Computer Science","3rd Year",143,14,157
2024-06-11,"Mechanical Engineering","4th Year",162,7,169
2024-06-12,"Electrical Engineering","1st Year",125,28,153
2024-06-14,"Civil Engineering","2nd Year",123,4,127
2024-06-15,"Business Admin","3rd Year",148,15,163
2024-06-17,"Computer Science","4th Year",134,40,174
2024-06-18,"Mechanical Engineering","1st Year",159,20,179
2024-06-19,"Electrical Engineering","2nd Year",138,25,163
2024-06-21,"Civil Engineering","3rd Year",159,21,180
2024-06-23,"Business Admin","4th Year",183,16,199
2024-06-24,"Computer Science","1st Year",164,30,194
2024-06-26,"Mechanical Engineering","2nd Year",151,48,199
2024-06-27,"Electrical Engineering","3rd Year",129,37,166
2024-06-28,"Civil Engineering","4th Year",121,15,136
2024-06-30,"Business Admin","1st Year",144,19,163
2024-07-01,"Computer Science","2nd Year",158,13,171
2024-07-03,"Mechanical Engineering","3rd Year",125,6,131
2024-07-04,"Electrical Engineering","4th Year",138,22,160
2024-07-06,"Civil Engineering","1st Year",115,17,132
2024-07-07,"Business Admin","2nd Year",163,30,193
2024-07-09,"Computer Science","3rd Year",165,4,169
2024-07-10,"Mechanical Engineering","4th Year",153,37,190
2024-07-11,"Electrical Engineering","1st Year",120,25,145
2024-07-13,"Civil Engineering","2nd Year",152,42,194
2024-07-15,"Business Admin","3rd Year",130,17,147
2024-07-16,"Computer Science","4th Year",131,19,150
2024-07-17,"Mechanical Engineering","1st Year",146,20,166
2024-07-19,"Electrical Engineering","2nd Year",132,6,138
2024-07-20,"Civil Engineering","3rd Year",159,15,174
2024-07-22,"Business Admin","4th Year",159,15,174
2024-07-23,"Computer Science","1st Year",147,4,151
2024-07-25,"Mechanical Engineering","2nd Year",148,16,164
2024-07-26,"Electrical Engineering","3rd Year",122,27,149
2024-07-27,"Civil Engineering","4th Year",109,17,126
2024-07-29,"Business Admin","1st Year",134,34,168
2024-07-31,"Computer Science","2nd Year",148,11,159
2024-08-01,"Mechanical Engineering","3rd Year",162,14,176
2024-08-03,"Electrical Engineering","4th Year",125,27,152
2024-08-04,"Civil Engineering","1st Year",148,48,196
2024-08-05,"Business Admin","2nd Year",128,5,133
2024-08-07,"Computer Science","3rd Year",104,34,138
2024-08-08,"Mechanical Engineering","4th Year",162,11,173
2024-08-10,"Electrical Engineering","1st Year",142,13,155
2024-08-11,"Civil Engineering","2nd Year",111,16,127
2024-08-13,"Business Admin","3rd Year",152,22,174
2024-08-14,"Computer Science","4th Year",156,7,163
2024-08-15,"Mechanical Engineering","1st Year",118,8,126
2024-08-17,"Electrical Engineering","2nd Year",141,46,187
2024-08-18,"Civil Engineering","3rd Year",117,15,132
2024-08-20,"Business Admin","4th Year",140,39,179
2024-08-21,"Computer Science","1st Year",170,17,187
2024-08-23,"Mechanical Engineering","2nd Year",98,22,120
2024-08-24,"Electrical Engineering","3rd Year",145,46,191
2024-08-26,"Civil Engineering","4th Year",130,42,172
2024-08-27,"Business Admin","1st Year",134,5,139
2024-08-28,"Computer Science","2nd Year",147,9,156
2024-08-30,"Mechanical Engineering","3rd Year",129,41,170
2024-09-01,"Electrical Engineering","4th Year",114,23,137
2024-09-02,"Civil Engineering","1st Year",114,7,121
2024-09-04,"Business Admin","2nd Year",170,9,179
2024-09-05,"Computer Science","3rd Year",138,9,147
2024-09-07,"Mechanical Engineering","4th Year",168,13,181
2024-09-08,"Electrical Engineering","1st Year",120,31,151
2024-09-09,"Civil Engineering","2nd Year",122,37,159
2024-09-11,"Business Admin","3rd Year",187,5,192
2024-09-12,"Computer Science","4th Year",115,9,124
2024-09-14,"Mechanical Engineering","1st Year",149,39,188
2024-09-15,"Electrical Engineering","2nd Year",150,26,176
2024-09-16,"Civil Engineering","3rd Year",102,27,129
2024-09-18,"Business Admin","4th Year",105,22,127
2024-09-20,"Computer Science","1st Year",137,37,174
2024-09-21,"Mechanical Engineering","2nd Year",164,33,197
2024-09-23,"Electrical Engineering","3rd Year",124,17,141
2024-09-24,"Civil Engineering","4th Year",137,34,171
2024-09-25,"Business Admin","1st Year",161,37,198
2024-09-27,"Computer Science","2nd Year",97,32,129
2024-09-28,"Mechanical Engineering","3rd Year",164,34,198
2024-09-30,"Electrical Engineering","4th Year",164,5,169
2024-10-01,"Civil Engineering","1st Year",143,31,174
2024-10-03,"Business Admin","2nd Year",119,27,146
2024-10-04,"Computer Science","3rd Year",139,36,175
2024-10-06,"Mechanical Engineering","4th Year",141,39,180
2024-10-07,"Electrical Engineering","1st Year",127,15,142
2024-10-08,"Civil Engineering","2nd Year",141,9,150
2024-10-10,"Business Admin","3rd Year",162,19,181
2024-10-11,"Computer Science","4th Year",120,10,130
2024-10-13,"Mechanical Engineering","1st Year",116,24,140
2024-10-14,"Electrical Engineering","2nd Year",127,13,140
2024-10-16,"Civil Engineering","3rd Year",112,35,147
2024-10-18,"Business Admin","4th Year",138,44,182
2024-10-19,"Computer Science","1st Year",115,15,130
2024-10-20,"Mechanical Engineering","2nd Year",118,12,130
2024-10-22,"Electrical Engineering","3rd Year",140,39,179
2024-10-23,"Civil Engineering","4th Year",131,20,151
2024-10-25,"Business Admin","1st Year",189,10,199
2024-10-26,"Computer Science","2nd Year",166,33,199
2024-10-27,"Mechanical Engineering","3rd Year",176,7,183
2024-10-29,"Electrical Engineering","4th Year",158,24,182
2024-10-31,"Civil Engineering","1st Year",142,23,165
2024-11-01,"Business Admin","2nd Year",115,29,144
2024-11-02,"Computer Science","3rd Year",103,20,123
2024-11-04,"Mechanical Engineering","4th Year",120,17,137
2024-11-05,"Electrical Engineering","1st Year",139,43,182
2024-11-07,"Civil Engineering","2nd Year",106,22,128
2024-11-08,"Business Admin","3rd Year",127,40,167
2024-11-09,"Computer Science","4th Year",145,8,153
2024-11-11,"Mechanical Engineering","1st Year",156,5,161
2024-11-12,"Electrical Engineering","2nd Year",142,36,178
2024-11-14,"Civil Engineering","3rd Year",137,13,150
2024-11-15,"Business Admin","4th Year",141,44,185
2024-11-17,"Computer Science","1st Year",152,27,179
2024-11-18,"Mechanical Engineering","2nd Year",163,26,189
2024-11-20,"Electrical Engineering","3rd Year",121,7,128
2024-11-21,"Civil Engineering","4th Year",125,42,167
2024-11-23,"Business Admin","1st Year",115,15,130
2024-11-24,"Computer Science","2nd Year",158,27,185
2024-11-26,"Mechanical Engineering","3rd Year",138,23,161
2024-11-27,"Electrical Engineering","4th Year",106,24,130
2024-11-28,"Civil Engineering","1st Year",116,13,129
2024-11-30,"Business Admin","2nd Year",159,21,180
2024-12-02,"Computer Science","3rd Year",150,12,162
2024-12-03,"Mechanical Engineering","4th Year",126,9,135
2024-12-04,"Electrical Engineering","1st Year",109,14,123
2024-12-06,"Civil Engineering","2nd Year",124,35,159
2024-12-07,"Business Admin","3rd Year",134,27,161
2024-12-09,"Computer Science","4th Year",172,8,180
2024-12-10,"Mechanical Engineering","1st Year",106,25,131
2024-12-12,"Electrical Engineering","2nd Year",146,43,189
2024-12-13,"Civil Engineering","3rd Year",131,25,156
2024-12-15,"Business Admin","4th Year",149,7,156
2024-12-16,"Computer Science","1st Year",150,37,187
2024-12-18,"Mechanical Engineering","2nd Year",128,17,145
2024-12-19,"Electrical Engineering","3rd Year",117,26,143
2024-12-20,"Civil Engineering","4th Year",128,34,162
2024-12-22,"Business Admin","1st Year",170,20,190
2024-12-23,"Computer Science","2nd Year",134,29,163
2024-12-25,"Mechanical Engineering","3rd Year",121,22,143
2024-12-26,"Electrical Engineering","4th Year",138,40,178
2024-12-28,"Civil Engineering","1st Year",156,40,196
2024-12-29,"Business Admin","2nd Year",144,10,154
2024-12-31,"Computer Science","3rd Year",110,35,145
2025-01-01,"Mechanical Engineering","4th Year",164,16,180
2025-01-03,"Electrical Engineering","1st Year",192,7,199
2025-01-04,"Civil Engineering","2nd Year",134,16,150
2025-01-06,"Business Admin","3rd Year",153,17,170
2025-01-07,"Computer Science","4th Year",115,11,126
2025-01-09,"Mechanical Engineering","1st Year",122,31,153
2025-01-10,"Electrical Engineering","2nd Year",124,6,130
2025-01-11,"Civil Engineering","3rd Year",160,21,181
2025-01-13,"Business Admin","4th Year",141,13,154
2025-01-14,"Computer Science","1st Year",126,26,152
2025-01-16,"Mechanical Engineering","2nd Year",152,45,197
2025-01-17,"Electrical Engineering","3rd Year",141,42,183
2025-01-19,"Civil Engineering","4th Year",147,6,153
2025-01-20,"Business Admin","1st Year",148,15,163
2025-01-22,"Computer Science","2nd Year",114,29,143
2025-01-23,"Mechanical Engineering","3rd Year",135,17,152
2025-01-24,"Electrical Engineering","4th Year",117,21,138
2025-01-26,"Civil Engineering","1st Year",166,9,175
2025-01-27,"Business Admin","2nd Year",136,33,169
2025-01-29,"Computer Science","3rd Year",126,18,144
2025-01-31,"Mechanical Engineering","4th Year",137,32,169
2025-02-01,"Electrical Engineering","1st Year",170,24,194
2025-02-02,"Civil Engineering","2nd Year",138,14,152
2025-02-04,"Business Admin","3rd Year",96,25,121
2025-02-05,"Computer Science","4th Year",137,37,174
2025-02-07,"Mechanical Engineering","1st Year",140,28,168
2025-02-08,"Electrical Engineering","2nd Year",146,35,181
2025-02-10,"Civil Engineering","3rd Year",109,33,142
2025-02-11,"Business Admin","4th Year",125,38,163
2025-02-12,"Computer Science","1st Year",134,7,141
2025-02-14,"Mechanical Engineering","2nd Year",101,25,126
2025-02-15,"Electrical Engineering","3rd Year",108,15,123
2025-02-17,"Civil Engineering","4th Year",161,6,167
2025-02-18,"Business Admin","1st Year",126,15,141
2025-02-20,"Computer Science","2nd Year",168,13,181
2025-02-21,"Mechanical Engineering","3rd Year",128,31,159
2025-02-23,"Electrical Engineering","4th Year",106,22,128
2025-02-24,"Civil Engineering","1st Year",140,25,165
2025-02-25,"Business Admin","2nd Year",116,5,121
2025-02-27,"Computer Science","3rd Year",148,25,173
2025-03-01,"Mechanical Engineering","4th Year",123,28,151
2025-03-02,"Electrical Engineering","1st Year",121,13,134
2025-03-04,"Civil Engineering","2nd Year",161,8,169
2025-03-05,"Business Admin","3rd Year",110,32,142
2025-03-07,"Computer Science","4th Year",145,32,177
2025-03-08,"Mechanical Engineering","1st Year",156,8,164
2025-03-10,"Electrical Engineering","2nd Year",112,19,131
2025-03-11,"Civil Engineering","3rd Year",159,11,170
2025-03-12,"Business Admin","4th Year",143,33,176
2025-03-14,"Computer Science","1st Year",138,4,142
2025-03-15,"Mechanical Engineering","2nd Year",180,16,196
2025-03-17,"Electrical Engineering","3rd Year",124,9,133
2025-03-18,"Civil Engineering","4th Year",156,5,161
2025-03-20,"Business Admin","1st Year",125,15,140
2025-03-21,"Computer Science","2nd Year",153,15,168
2025-03-22,"Mechanical Engineering","3rd Year",128,23,151
2025-03-24,"Electrical Engineering","4th Year",107,18,125
2025-03-25,"Civil Engineering","1st Year",118,14,132
2025-03-27,"Business Admin","2nd Year",160,19,179
2025-03-28,"Computer Science","3rd Year",140,47,187
2025-03-30,"Mechanical Engineering","4th Year",152,15,167
2025-03-31,"Electrical Engineering","1st Year",119,9,128
2025-04-02,"Civil Engineering","2nd Year",142,10,152
2025-04-03,"Business Admin","3rd Year",149,20,169
2025-04-05,"Computer Science","4th Year",101,30,131
2025-04-06,"Mechanical Engineering","1st Year",155,25,180
2025-04-07,"Electrical Engineering","2nd Year",106,21,127
2025-04-09,"Civil Engineering","3rd Year",138,8,146
2025-04-10,"Business Admin","4th Year",139,40,179
2025-04-12,"Computer Science","1st Year",110,36,146
2025-04-13,"Mechanical Engineering","2nd Year",161,30,191
2025-04-15,"Electrical Engineering","3rd Year",103,18,121
2025-04-17,"Civil Engineering","4th Year",163,5,168
2025-04-18,"Business Admin","1st Year",133,10,143
2025-04-19,"Computer Science","2nd Year",123,29,152
2025-04-21,"Mechanical Engineering","3rd Year",124,20,144
2025-04-22,"Electrical Engineering","4th Year",187,9,196
2025-04-23,"Civil Engineering","1st Year",114,27,141
2025-04-25,"Business Admin","2nd Year",118,39,157
2025-04-26,"Computer Science","3rd Year",138,33,171
2025-04-28,"Mechanical Engineering","4th Year",157,8,165
2025-04-29,"Electrical Engineering","1st Year",126,10,136
2025-05-01,"Civil Engineering","2nd Year",114,17,131
2025-05-02,"Business Admin","3rd Year",167,23,190
2025-05-04,"Computer Science","4th Year",127,5,132
2025-05-06,"Mechanical Engineering","1st Year",115,13,128
2025-05-07,"Electrical Engineering","2nd Year",135,9,144
2025-05-08,"Civil Engineering","3rd Year",138,9,147
2025-05-10,"Business Admin","4th Year",151,9,160
2025-05-11,"Computer Science","1st Year",107,35,142
2025-05-13,"Mechanical Engineering","2nd Year",163,24,187
2025-05-14,"Electrical Engineering","3rd Year",147,33,180
2025-05-15,"Civil Engineering","4th Year",129,3,132
2025-05-17,"Business Admin","1st Year",161,6,167
2025-05-18,"Computer Science","2nd Year",173,17,190
2025-05-20,"Mechanical Engineering","3rd Year",142,20,162
2025-05-21,"Electrical Engineering","4th Year",108,18,126
2025-05-23,"Civil Engineering","1st Year",137,39,176
2025-05-24,"Business Admin","2nd Year",98,25,123
2025-05-26,"Computer Science","3rd Year",153,23,176
2025-05-27,"Mechanical Engineering","4th Year",97,25,122
2025-05-29,"Electrical Engineering","1st Year",126,26,152
2025-05-30,"Civil Engineering","2nd Year",157,6,163
2025-05-31,"Business Admin","3rd Year",102,18,120
2025-06-02,"Computer Science","4th Year",120,18,138
2025-06-03,"Mechanical Engineering","1st Year",122,11,133
2025-06-05,"Electrical Engineering","2nd Year",175,24,199
2025-06-07,"Civil Engineering","3rd Year",158,36,194
2025-06-08,"Business Admin","4th Year",178,13,191
2025-06-09,"Computer Science","1st Year",108,22,130
2025-06-11,"Mechanical Engineering","2nd Year",164,35,199
2025-06-12,"Electrical Engineering","3rd Year",144,10,154
2025-06-14,"Civil Engineering","4th Year",177,12,189
2025-06-15,"Business Admin","1st Year",102,21,123
2025-06-17,"Computer Science","2nd Year",136,22,158
2025-06-18,"Mechanical Engineering","3rd Year",132,10,142
2025-06-20,"Electrical Engineering","4th Year",144,48,192
2025-06-21,"Civil Engineering","1st Year",148,17,165
2025-06-22,"Business Admin","2nd Year",106,19,125
2025-06-24,"Computer Science","3rd Year",185,14,199
2025-06-25,"Mechanical Engineering","4th Year",120,27,147
2025-06-27,"Electrical Engineering","1st Year",98,27,125
2025-06-28,"Civil Engineering","2nd Year",148,11,159
2025-06-30,"Business Admin","3rd Year",144,29,173
2025-07-01,"Computer Science","4th Year",161,20,181
2025-07-03,"Mechanical Engineering","1st Year",127,6,133
2025-07-04,"Electrical Engineering","2nd Year",121,15,136
2025-07-06,"Civil Engineering","3rd Year",137,4,141
2025-07-07,"Business Admin","4th Year",163,22,185
2025-07-08,"Computer Science","1st Year",152,13,165
2025-07-10,"Mechanical Engineering","2nd Year",123,7,130
2025-07-11,"Electrical Engineering","3rd Year",148,14,162
2025-07-13,"Civil Engineering","4th Year",107,25,132
2025-07-14,"Business Admin","1st Year",149,4,153
2025-07-16,"Computer Science","2nd Year",185,5,190
2025-07-17,"Mechanical Engineering","3rd Year",153,9,162
2025-07-19,"Electrical Engineering","4th Year",121,15,136
2025-07-20,"Civil Engineering","1st Year",148,43,191
2025-07-22,"Business Admin","2nd Year",153,8,161
2025-07-23,"Computer Science","3rd Year",127,39,166
2025-07-25,"Mechanical Engineering","4th Year",163,15,178
2025-07-26,"Electrical Engineering","1st Year",138,14,152
2025-07-27,"Civil Engineering","2nd Year",153,32,185
2025-07-29,"Business Admin","3rd Year",145,46,191
2025-07-30,"Computer Science","4th Year",150,21,171
2025-08-01,"Mechanical Engineering","1st Year",144,27,171
2025-08-03,"Electrical Engineering","2nd Year",128,22,150
2025-08-04,"Civil Engineering","3rd Year",157,36,193
2025-08-05,"Business Admin","4th Year",144,14,158
2025-08-07,"Computer Science","1st Year",112,20,132
2025-08-08,"Mechanical Engineering","2nd Year",114,12,126
2025-08-10,"Electrical Engineering","3rd Year",182,10,192
2025-08-11,"Civil Engineering","4th Year",147,8,155
2025-08-12,"Business Admin","1st Year",142,45,187
2025-08-14,"Computer Science","2nd Year",159,27,186
2025-08-16,"Mechanical Engineering","3rd Year",120,35,155
2025-08-17,"Electrical Engineering","4th Year",138,24,162
2025-08-18,"Civil Engineering","1st Year",109,21,130
2025-08-20,"Business Admin","2nd Year",150,49,199
2025-08-22,"Computer Science","3rd Year",146,14,160
2025-08-23,"Mechanical Engineering","4th Year",109,25,134
2025-08-24,"Electrical Engineering","1st Year",122,23,145
2025-08-26,"Civil Engineering","2nd Year",125,31,156
2025-08-27,"Business Admin","3rd Year",156,4,160
2025-08-28,"Computer Science","4th Year",116,5,121
2025-08-30,"Mechanical Engineering","1st Year",138,29,167
2025-09-01,"Electrical Engineering","2nd Year",139,15,154
2025-09-02,"Civil Engineering","3rd Year",108,22,130
2025-09-04,"Business Admin","4th Year",126,16,142
2025-09-05,"Computer Science","1st Year",107,31,138
2025-09-06,"Mechanical Engineering","2nd Year",129,18,147
2025-09-08,"Electrical Engineering","3rd Year",108,17,125
2025-09-09,"Civil Engineering","4th Year",142,7,149
2025-09-11,"Business Admin","1st Year",159,37,196
2025-09-12,"Computer Science","2nd Year",102,28,130
2025-09-14,"Mechanical Engineering","3rd Year",112,8,120
2025-09-15,"Electrical Engineering","4th Year",161,7,168
2025-09-16,"Civil Engineering","1st Year",161,12,173
2025-09-18,"Business Admin","2nd Year",181,5,186
2025-09-19,"Computer Science","3rd Year",124,17,141
2025-09-21,"Mechanical Engineering","4th Year",141,30,171
2025-09-23,"Electrical Engineering","1st Year",153,14,167
2025-09-24,"Civil Engineering","2nd Year",115,37,152
2025-09-25,"Business Admin","3rd Year",152,42,194
2025-09-27,"Computer Science","4th Year",121,5,126
2025-09-29,"Mechanical Engineering","1st Year",117,20,137
2025-09-30,"Electrical Engineering","2nd Year",121,40,161
2025-10-01,"Civil Engineering","3rd Year",162,19,181
2025-10-03,"Business Admin","4th Year",175,19,194
2025-10-04,"Computer Science","1st Year",117,7,124
2025-10-06,"Mechanical Engineering","2nd Year",146,8,154
2025-10-07,"Electrical Engineering","3rd Year",99,26,125
2025-10-08,"Civil Engineering","4th Year",173,13,186
2025-10-10,"Business Admin","1st Year",155,41,196
2025-10-12,"Computer Science","2nd Year",102,32,134
2025-10-13,"Mechanical Engineering","3rd Year",151,12,163
2025-10-14,"Electrical Engineering","4th Year",109,37,146
2025-10-16,"Civil Engineering","1st Year",134,21,155
2025-10-17,"Business Admin","2nd Year",178,6,184
2025-10-19,"Computer Science","3rd Year",167,13,180
2025-10-20,"Mechanical Engineering","4th Year",124,5,129
2025-10-22,"Electrical Engineering","1st Year",106,27,133
2025-10-23,"Civil Engineering","2nd Year",169,21,190
2025-10-25,"Business Admin","3rd Year",134,36,170
2025-10-26,"Computer Science","4th Year",95,27,122
2025-10-27,"Mechanical Engineering","1st Year",161,10,171
2025-10-29,"Electrical Engineering","2nd Year",121,22,143
2025-10-31,"Civil Engineering","3rd Year",102,21,123
2025-11-01,"Business Admin","4th Year",112,18,130
2025-11-02,"Computer Science","1st Year",169,16,185
2025-11-04,"Mechanical Engineering","2nd Year",119,24,143
2025-11-05,"Electrical Engineering","3rd Year",133,8,141
2025-11-07,"Civil Engineering","4th Year",191,8,199
2025-11-08,"Business Admin","1st Year",161,17,178
2025-11-09,"Computer Science","2nd Year",148,15,163
2025-11-11,"Mechanical Engineering","3rd Year",134,41,175
2025-11-12,"Electrical Engineering","4th Year",157,11,168
2025-11-14,"Civil Engineering","1st Year",153,39,192
2025-11-16,"Business Admin","2nd Year",151,29,180
2025-11-17,"Computer Science","3rd Year",188,6,194
2025-11-18,"Mechanical Engineering","4th Year",109,13,122
2025-11-20,"Electrical Engineering","1st Year",176,7,183
2025-11-21,"Civil Engineering","2nd Year",128,33,161
2025-11-23,"Business Admin","3rd Year",145,4,149
2025-11-24,"Computer Science","4th Year",122,19,141
2025-11-26,"Mechanical Engineering","1st Year",120,35,155
2025-11-27,"Electrical Engineering","2nd Year",117,14,131
2025-11-28,"Civil Engineering","3rd Year",144,5,149
2025-11-30,"Business Admin","4th Year",165,27,192
2025-12-01,"Computer Science","1st Year",125,25,150
2025-12-03,"Mechanical Engineering","2nd Year",122,23,145
2025-12-04,"Electrical Engineering","3rd Year",103,22,125
2025-12-06,"Civil Engineering","4th Year",153,25,178
2025-12-07,"Business Admin","1st Year",112,12,124
2025-12-09,"Computer Science","2nd Year",114,8,122
2025-12-10,"Mechanical Engineering","3rd Year",139,6,145
2025-12-12,"Electrical Engineering","4th Year",176,10,186
2025-12-13,"Civil Engineering","1st Year",169,18,187
2025-12-15,"Business Admin","2nd Year",178,16,194
2025-12-16,"Computer Science","3rd Year",120,9,129
2025-12-17,"Mechanical Engineering","4th Year",127,24,151
2025-12-19,"Electrical Engineering","1st Year",107,23,130
2025-12-20,"Civil Engineering","2nd Year",170,6,176
2025-12-22,"Business Admin","3rd Year",148,9,157
2025-12-23,"Computer Science","4th Year",112,34,146
2025-12-25,"Mechanical Engineering","1st Year",106,35,141
2025-12-26,"Electrical Engineering","2nd Year",162,17,179
2025-12-28,"Civil Engineering","3rd Year",169,25,194
2025-12-29,"Business Admin","4th Year",112,11,123